City ID,City,Cloudiness,Country,Date,Humidity (%),Latitude,Longitude,Max Temp (°F),Wind Speed (mph)
0,Rikitea,24,PF,1555345081,100,-23.12,-134.97,297.239,10.66
1,Ushuaia,40,AR,1555340400,61,-54.81,-68.31,282.15,2.6
2,Ponta Do Sol,92,BR,1555345083,95,-20.63,-46,294.889,3.31
4,Hermanus,48,ZA,1555345004,79,-34.42,19.24,290.93,1.91
5,Cape Town,20,ZA,1555344914,48,-33.93,18.42,291.48,6.7
6,Erzin,75,TR,1555344969,59,36.95,36.2,291.15,9.3
8,Mar Del Plata,56,AR,1555345055,55,-46.43,-67.52,287.639,9.86
9,Albany,90,US,1555344955,66,42.65,-73.75,285.15,9.3
10,Carnarvon,12,ZA,1555345093,26,-30.97,22.13,291.539,1.86
11,Ilulissat,75,GL,1555339800,86,69.22,-51.1,272.15,5.1
12,Rio Grande,20,BR,1555340400,54,-32.03,-52.1,300.15,7.2
13,Kiunga,76,PG,1555345097,92,-6.12,141.3,297.339,0.71
14,Daan,20,YE,1555345098,56,17,43.43,301.989,1.71
15,Temiscaming,90,CA,1555344616,67,46.72,-79.1,274.82,7.7
16,Aswan,88,EG,1555340400,16,24.09,32.9,307.15,2.6
17,Avarua,0,CK,1555344000,88,-21.21,-159.78,300.15,2.6
18,Veisiejai,75,LT,1555340400,21,54.1,23.7,283.15,5
19,Verkhniy Baskunchak,92,KZ,1555345108,59,48.23,46.72,291.339,6.61
20,Katobu,88,ID,1555345109,100,-4.94,122.53,299.589,1.71
21,Busselton,68,AU,1555344949,46,-33.64,115.35,291.48,11.36
22,Cairns,40,AU,1555344799,78,-16.92,145.77,297.15,3.6
23,Kapaa,90,US,1555344986,64,22.08,-159.32,296.15,9.8
25,North Bend,40,US,1555344966,87,43.41,-124.22,279.82,3.6
26,Severo-Kurilsk,76,RU,1555345116,95,50.68,156.12,272.689,2.36
27,Kaliganj,32,BD,1555345117,74,23.41,89.13,301.689,1.61
28,Kavaratti,0,IN,1555345118,99,10.57,72.64,303.739,2.41
29,Hobart,0,AU,1555345094,81,-42.88,147.33,288.15,3.1
30,Porvoo,0,FI,1555345052,34,60.4,25.66,284.26,3.6
31,Saskylakh,76,RU,1555345122,72,71.97,114.09,255.639,1.31
33,Buraydah,0,SA,1555344000,23,26.33,43.97,303.15,2.6
34,Springfield,1,US,1555345116,39,37.22,-93.29,292.15,3.6
35,Bredasdorp,12,ZA,1555344915,59,-34.53,20.04,290.15,2.1
36,Norman Wells,75,CA,1555340400,67,65.28,-126.83,265.15,6.2
37,Meulaboh,56,ID,1555345133,100,4.14,96.13,301.639,0.41
38,Bluff,0,AU,1555345134,71,-23.58,149.07,289.489,3.16
39,Todos Santos,40,MX,1555345014,43,23.45,-110.23,297.59,3.46
40,Kidal,0,ML,1555345137,12,18.44,1.41,308.989,1.81
41,Port Elizabeth,75,US,1555345136,54,39.31,-74.98,289.26,10.3
42,Atuona,48,PF,1555345139,100,-9.8,-139.03,301.289,4.91
43,Tommot,32,RU,1555345141,63,58.97,126.27,263.139,2.11
44,Rocha,80,UY,1555345142,70,-34.48,-54.34,293.489,6.16
45,Cherskiy,0,RU,1555345143,58,68.75,161.3,266.039,3.06
46,Leningradskiy,48,RU,1555344984,87,69.38,178.42,256.589,2.21
47,Hualmay,8,PE,1555345146,70,-11.1,-77.61,296.889,2.06
48,Lagoa,20,PT,1555345028,68,37.14,-8.45,295.93,9.8
49,Lompoc,90,US,1555345122,81,34.64,-120.46,285.93,1.21
50,Istok,0,PL,1555344955,31,52.85,23.44,284.26,2.68
51,Vanimo,88,PG,1555345151,100,-2.67,141.3,301.639,7.81
52,Kirakira,36,SB,1555345026,100,-10.46,161.92,301.739,4.81
53,Lebu,8,ET,1555345153,46,8.96,38.73,293.889,3.71
54,Southbridge,90,US,1555345146,87,42.08,-72.03,291.48,4.6
55,San Patricio,12,PY,1555345156,63,-26.98,-56.83,304.489,1.51
56,Santander,20,PH,1555340400,83,9.42,123.33,299.15,4.51
57,Geraldton,20,CA,1555340400,23,49.72,-86.95,277.15,1.16
58,Ulladulla,12,AU,1555345009,100,-35.36,150.48,287.04,3.6
59,Port Alfred,24,ZA,1555344697,92,-33.59,26.89,289.82,1.34
60,Tiksi,68,RU,1555345162,77,71.64,128.87,260.239,1.51
61,Ostrovnoy,88,RU,1555345109,93,68.05,39.51,274.439,12.96
62,Yellowknife,90,CA,1555344970,73,62.45,-114.38,267.15,4.6
64,Coquimbo,0,CL,1555340400,77,-29.95,-71.34,289.15,4.1
65,Saint Anthony,90,US,1555344904,74,43.97,-111.68,278.15,6.7
66,Saldanha,80,PT,1555345169,94,41.42,-6.55,284.289,4.21
67,Presidente Olegario,92,BR,1555345011,100,-18.42,-46.42,298.15,1.34
68,Pudozh,0,RU,1555345174,88,61.81,36.54,278.639,5.11
69,Saint-Augustin,0,FR,1555345122,42,44.83,-0.61,294.15,5.1
70,Yuzhou,0,CN,1555340400,48,34.16,113.47,289.15,2
71,Mount Gambier,75,AU,1555340400,40,-37.83,140.78,293.15,4.6
72,Mataura,92,NZ,1555344606,95,-46.19,168.86,283.15,1.36
73,Constitucion,90,MX,1555344616,23,23.99,-104.67,291.48,1.91
74,East London,0,ZA,1555344000,77,-33.02,27.91,290.15,3.6
75,Lesogorsk,0,RU,1555345183,61,56.05,99.51,266.889,1.16
76,Cockburn Town,0,TC,1555345144,96,21.46,-71.14,299.539,8.71
77,Mount Isa,0,AU,1555342200,43,-20.73,139.49,296.15,2.6
78,Vaini,40,IN,1555340400,74,15.34,74.49,301.15,5.1
79,Husavik,68,CA,1555345167,99,50.56,-96.99,275.93,6.71
80,Tasiilaq,90,GL,1555343400,91,65.61,-37.64,276.15,6.7
81,Barrow,0,AR,1555345190,84,-38.31,-60.23,289.789,4.16
82,Chicama,20,PE,1555340400,83,-7.84,-79.15,294.15,5.1
83,Torbay,75,CA,1555345110,52,47.66,-52.73,279.82,5.7
84,Bundaberg,32,AU,1555344610,82,-24.87,152.35,292.59,2.6
86,Cabo San Lucas,20,MX,1555344967,64,22.89,-109.91,298.71,4.1
87,Karratha,0,AU,1555345198,91,-20.74,116.85,296.289,1.41
88,Margate,0,AU,1555345154,81,-43.03,147.26,288.15,3.1
89,Georgetown,75,GY,1555340400,70,6.8,-58.16,304.15,5.1
90,Hofn,90,IS,1555344000,93,64.25,-15.21,280.15,6.2
92,Sabang,56,PH,1555345207,92,13.72,123.58,298.989,2.71
93,Pevek,0,RU,1555345209,50,69.7,170.27,258.339,2.31
94,Bluefields,75,NI,1555344000,74,12.01,-83.77,303.15,2.1
95,Harper,1,US,1555345088,43,30.3,-99.24,295.15,5.7
96,Dikson,48,RU,1555345213,97,73.51,80.55,258.789,9.81
98,Faanui,24,PF,1555345216,100,-16.48,-151.75,301.539,6.46
99,Hasaki,0,JP,1555344741,43,35.73,140.83,284.15,4.1
100,Kaeo,24,NZ,1555344484,88,-35.1,173.78,285.93,1.41
101,Butaritari,76,KI,1555345219,100,3.07,172.79,300.289,6.61
104,Matay,92,EG,1555345223,33,28.42,30.79,296.289,8.86
105,Denpasar,20,ID,1555342200,83,-8.65,115.22,302.15,3.1
106,Salalah,0,OM,1555343400,58,17.01,54.1,302.15,1.5
107,Buala,56,SB,1555345227,99,-8.15,159.59,299.739,2.66
109,Clyde River,20,CA,1555340400,76,70.47,-68.59,253.15,8.2
111,Mahebourg,75,MU,1555345140,83,-20.41,57.7,300.15,3.6
112,Nacozari,32,MX,1555345216,70,25.34,-108.26,295.93,1.61
113,Olinda,75,EC,1555345019,78,-2.03,-79.75,301.48,3.6
114,Koutsouras,80,GR,1555344513,67,35.03,25.95,290.37,4.47
115,Vardo,75,US,1555345233,46,39.62,-77.74,284.26,14.4
117,Burdur,75,TR,1555343400,93,37.72,30.29,286.15,7.2
118,Beringovskiy,20,RU,1555345240,80,63.05,179.32,258.889,3.16
119,Bethel,1,US,1555343760,92,60.79,-161.76,271.15,2.1
120,Ahipara,44,NZ,1555345244,100,-35.17,173.16,285.939,1.51
122,Kibaya,75,RW,1555344728,77,-2.2,30.56,294.82,1
123,Xining,0,CN,1555345003,63,36.62,101.77,270.689,0.96
124,Hilo,90,US,1555345230,88,19.71,-155.08,295.93,2.6
125,Praia Da Vitoria,75,PT,1555344980,82,38.73,-27.07,288.15,13.86
126,Sao Gabriel Da Cachoeira,12,BR,1555345251,84,-0.13,-67.09,301.639,1.31
127,Isabela,0,PH,1555345252,78,10.2,122.99,298.889,0.71
128,Selma,68,US,1555344976,87,36.57,-119.61,291.48,0.81
129,Nome,1,US,1555345228,46,30.04,-94.42,297.04,3.1
130,Labytnangi,76,RU,1555345256,88,66.66,66.39,266.189,10.86
131,Jamestown,0,AU,1555345046,45,-33.21,138.6,289.889,2.66
132,Msanga,20,TZ,1555345258,36,-6.04,36.03,302.389,4.01
133,Fenelon Falls,90,CA,1555345203,93,44.54,-78.74,276.48,6.7
134,Port-Gentil,20,GA,1555344000,83,-0.72,8.78,301.15,3.1
135,Dayapan,20,PH,1555345018,66,13.94,120.92,303.15,2.1
137,Luau,8,CD,1555345265,65,-10.7,22.23,300.139,1.26
140,Nosy Varika,20,MG,1555345268,90,-20.58,48.53,301.239,2.76
141,Qaanaaq,36,GL,1555345270,100,77.48,-69.36,255.739,0.66
142,Ende,8,ID,1555345271,100,-8.84,121.65,300.689,2.21
143,Airai,32,TL,1555345272,83,-8.93,125.41,293.039,0.76
144,Camacha,20,PT,1555344000,52,33.08,-16.33,292.15,2.6
145,Puerto Escondido,5,MX,1555342860,54,15.86,-97.07,301.15,1.06
146,Marawi,0,PH,1555344981,86,8,124.29,297.59,2.68
147,Hithadhoo,64,MV,1555345028,100,-0.6,73.08,301.839,4.26
148,Igrim,88,RU,1555345278,80,63.19,64.42,273.789,3.86
149,Punta Arenas,40,CL,1555344747,66,-53.16,-70.91,284.15,12.9
150,Puerto Ayora,20,EC,1555344967,74,-0.74,-90.35,303.15,4.6
151,Polovinnoye,0,RU,1555345282,72,54.79,65.99,272.389,1.51
152,Berlevag,75,NO,1555343400,80,70.86,29.09,277.15,11.8
153,Popondetta,92,PG,1555345285,98,-8.77,148.24,292.789,0.86
155,Byron Bay,80,AU,1555345276,77,-28.65,153.62,292.15,4.1
156,Leo,0,BF,1555345288,14,11.1,-2.1,314.539,3.86
157,Nanortalik,88,GL,1555345289,92,60.14,-45.24,274.239,3.96
158,Castro,0,CL,1555340400,76,-42.48,-73.76,284.15,3.1
159,Pacific Grove,1,US,1555345216,71,36.62,-121.92,287.04,3.6
161,Honiara,75,SB,1555340400,88,-9.43,159.96,298.15,0.86
162,Katsuura,20,JP,1555344664,71,33.93,134.5,283.15,2.6
163,Ouesso,92,CG,1555345298,77,1.61,16.05,300.739,1.56
164,Yangambi,24,CD,1555345299,81,0.77,24.47,300.489,1.31
165,Kaseda,0,JP,1555345300,100,31.42,130.32,290.539,4.36
166,Bosaso,8,SO,1555345301,95,11.28,49.18,301.939,5.66
167,Wahiawa,20,US,1555345139,72,21.5,-158.02,296.15,1.5
168,Sogne,0,NO,1555345227,39,58.08,7.82,281.48,5.1
169,Misratah,0,LY,1555345129,61,32.38,15.09,293.239,10.61
170,Lafia,0,NG,1555345307,78,8.5,8.51,304.639,3.01
171,Plettenberg Bay,92,ZA,1555345309,100,-34.05,23.37,290.089,3.46
172,Yuxia,0,CN,1555340400,76,34.06,108.63,285.15,3
173,Peru,1,US,1555345303,65,41.33,-89.13,281.48,4.1
174,Sabancuy,24,MX,1555345313,98,18.97,-91.18,299.639,5.81
175,Hambantota,90,LK,1555341000,100,6.12,81.12,298.15,0.5
176,Novouzensk,12,RU,1555345315,63,50.46,48.14,287.139,4.06
177,Chuy,36,UY,1555345306,82,-33.69,-53.46,295.189,7.06
178,Narsaq,75,GL,1555343400,65,60.91,-46.05,278.15,3.1
179,Saint-Philippe,90,CA,1555345293,100,45.36,-73.48,279.82,1.5
180,Pangnirtung,20,CA,1555340400,77,66.15,-65.72,256.15,4.6
182,Ust-Ordynskiy,40,RU,1555344000,100,52.8,104.75,271.15,4
183,Makakilo City,1,US,1555345139,72,21.35,-158.09,296.15,3.71
185,Norrtalje,0,SE,1555345308,34,59.76,18.7,283.15,5.7
186,Thompson,75,CA,1555340400,48,55.74,-97.86,278.15,3.1
187,Pokosnoye,0,RU,1555345329,65,55.53,101.05,265.689,1.06
188,Pochutla,5,MX,1555345000,45,15.74,-96.47,304.26,0.61
189,Kalianget,20,ID,1555342200,83,-7.35,109.91,300.15,0.51
190,Victor Harbor,0,AU,1555345291,35,-35.55,138.62,295.37,3.6
191,Isla Vista,90,US,1555345333,87,34.41,-119.86,288.15,3.1
192,Kisangani,12,CD,1555345335,81,0.52,25.21,300.489,1.16
193,Awbari,0,LY,1555345336,17,26.59,12.77,299.239,2.36
195,Teruel,0,ES,1555342200,45,40.34,-1.11,292.15,8.2
196,Whitehorse,75,CA,1555345186,68,60.72,-135.06,273.15,1
197,Hirara,0,JP,1555345341,100,24.8,125.28,296.039,7.46
198,Waipawa,68,NZ,1555344376,87,-39.94,176.59,281.48,0.45
199,Bambous Virieux,75,MU,1555345140,83,-20.34,57.76,300.15,3.6
200,Jardim,0,BR,1555345345,76,-21.48,-56.15,303.339,3.46
201,Yulara,40,AU,1555340400,17,-25.24,130.99,302.15,3.1
202,Port Hardy,90,CA,1555340400,93,50.7,-127.42,277.15,1
203,Ribeira Grande,75,PT,1555344000,87,38.52,-28.7,288.15,12.9
204,Pandan,0,PH,1555345350,98,11.72,122.09,301.239,5.36
205,Charters Towers,12,AU,1555345352,88,-20.07,146.27,292.389,3.31
206,San Policarpo,56,PH,1555345353,99,12.18,125.51,297.989,3.11
207,Aktanysh,32,RU,1555345354,49,55.72,54.06,278.339,4.36
208,Bayir,75,TR,1555343400,82,37.27,28.22,287.15,4.6
210,Poum,75,MK,1555344000,66,41.28,20.71,283.15,4.1
211,Millerovo,92,RU,1555345360,96,48.92,40.39,285.889,5.51
212,Mamallapuram,20,IN,1555342429,74,12.63,80.17,303.15,3.1
213,Hargeysa,64,SO,1555345363,59,9.56,44.06,297.039,2.56
214,Troitskiy,75,RU,1555345217,93,45.15,38.14,287.59,8
215,Impfondo,92,CD,1555345369,100,1.62,18.06,295.489,1.61
217,Kruisfontein,68,ZA,1555345371,78,-34,24.73,289.039,2.61
218,Son La,24,VN,1555345373,95,21.32,103.9,293.289,0.81
219,Tual,48,ID,1555345374,100,-5.67,132.75,300.989,3.81
220,Mpanda,20,TZ,1555345375,73,-6.34,31.07,299.139,1.21
221,Lata,8,IN,1555345377,80,30.78,78.62,284.489,1.16
222,Tuatapere,36,NZ,1555345206,94,-46.13,167.69,283.15,1.16
223,Richards Bay,100,ZA,1555345379,96,-28.77,32.06,294.389,4.96
225,Sitka,0,US,1555344931,57,37.17,-99.65,289.82,1.31
226,Udachnyy,0,RU,1555340400,45,66.42,112.4,257.15,2
228,Tura,0,IN,1555345386,95,25.52,90.21,293.239,2.31
232,Chokurdakh,8,RU,1555345391,78,70.62,147.9,262.289,3.36
233,Wajima,0,JP,1555345392,92,37.4,136.9,279.639,2.41
234,Luderitz,0,NA,1555345393,70,-26.65,15.16,290.489,8.21
235,Berdigestyakh,88,RU,1555345394,81,62.1,126.7,267.489,2.96
236,Dourbali,24,TD,1555345396,17,11.81,15.86,313.939,3.11
237,Dongying,48,CN,1555345397,48,37.43,118.67,286.539,4.11
238,Delvada,32,IN,1555345398,25,24.01,72.98,305.139,6.11
239,Faya,40,SA,1555344000,68,18.39,42.45,294.15,3.6
240,Venice,1,US,1555345342,60,27.1,-82.45,299.26,6.7
242,Montanha,68,BR,1555345404,100,-18.13,-40.37,298.989,1.56
243,Kokopo,76,PG,1555345405,100,-4.34,152.27,298.539,1.51
245,Los Alamos,1,US,1555345101,20,35.88,-106.3,288.71,2.1
246,Kahului,40,US,1555345222,64,20.89,-156.47,294.15,2.6
247,Vohibinany,80,MG,1555345410,75,-17.35,49.03,299.639,1.41
249,Garden City,90,US,1555345364,76,40.73,-73.63,289.82,12.3
250,Arraial Do Cabo,40,BR,1555340400,54,-22.97,-42.02,301.15,5.1
251,Conceicao Da Barra,32,BR,1555345415,97,-18.59,-39.73,299.789,2.81
252,Gunjur,0,GM,1555344000,37,13.18,-16.76,303.15,6.7
253,Ancud,0,CL,1555340400,76,-41.87,-73.83,284.15,3.1
254,Deputatskiy,76,RU,1555345418,88,69.3,139.9,262.589,1.26
255,Ucluelet,90,CA,1555344626,93,48.94,-125.55,280.37,2.6
256,Beian,0,NO,1555345205,66,63.66,9.57,283.15,6.2
257,Nikolskoye,0,RU,1555345236,34,59.7,30.79,283.15,4
258,Rio Gallegos,20,AR,1555340400,50,-51.62,-69.22,285.15,5.1
259,Tautira,20,PF,1555344743,78,-17.73,-149.15,299.15,1.5
260,Poso,76,ID,1555345426,100,-1.4,120.75,300.039,0.86
261,Yar-Sale,80,RU,1555345206,93,66.83,70.83,269.339,3.86
262,Provideniya,0,RU,1555345428,100,64.42,-173.23,265.039,4.61
264,Mana,75,RS,1555344000,87,43.52,20.24,284.15,1.5
265,Victoria,75,BN,1555342200,83,5.28,115.24,301.15,1
266,Pacasmayo,12,PE,1555345434,96,-7.4,-79.57,292.789,2.56
267,Somoto,0,NI,1555345206,79,13.48,-86.58,295.93,2.68
268,Chadiza,24,ZM,1555345436,44,-14.06,32.43,302.289,2.56
269,Kindu,24,CD,1555345437,70,-2.95,25.92,301.489,1.01
270,Gangapur,48,IN,1555345438,56,19.7,75.01,298.589,3.91
271,Kaitangata,92,NZ,1555345436,90,-46.28,169.85,282.59,0.89
272,Aleppo,88,SY,1555345441,43,36.2,37.17,291.989,6.26
273,Bonavista,64,CA,1555344933,87,48.65,-53.11,274.26,1.79
274,Inongo,44,CD,1555345443,83,-1.93,18.29,300.739,1.41
275,New Norfolk,0,AU,1555345394,81,-42.78,147.06,288.15,3.1
277,Imeni Stepana Razina,0,RU,1555345451,52,54.89,44.3,280.789,2.61
278,Hamilton,40,BM,1555344096,83,32.3,-64.78,297.59,7.2
279,Atagay,24,RU,1555345456,55,55.1,99.39,268.789,1.56
280,Puerto Baquerizo Moreno,75,EC,1555344000,94,-0.9,-89.6,300.15,3.1
281,Corrales,8,CO,1555345459,82,5.83,-72.84,289.489,1.11
282,Nabire,88,ID,1555345460,97,-3.36,135.5,293.289,0.71
283,Groton,90,US,1555345449,77,42.61,-71.57,290.93,4.6
284,Mogadishu,0,SO,1555345190,97,2.04,45.34,302.739,5.96
285,Dafeng,76,CN,1555345463,55,33.2,120.46,284.339,5.91
286,Cutro,20,IT,1555339800,71,39.04,16.98,287.15,7.2
288,Santa Vitoria Do Palmar,36,BR,1555345467,82,-33.52,-53.37,295.189,7.06
289,Bachaquero,88,VE,1555345468,75,9.96,-71.12,303.289,1.71
290,Mnogovershinnyy,8,RU,1555345469,73,53.94,139.92,273.489,2.31
291,Bugene,92,TZ,1555345470,98,-1.59,31.14,293.039,0.96
292,Mlimba,68,TZ,1555345472,82,-8.78,35.81,299.489,1.41
293,Orlik,80,RU,1555345473,81,52.51,99.83,268.639,0.41
294,Grindavik,75,IS,1555345320,87,63.84,-22.43,283.71,11.3
295,Canutama,0,BR,1555345285,79,-6.53,-64.38,303.489,1.51
297,Ornskoldsvik,0,SE,1555343400,34,63.29,18.72,282.15,2.6
298,Kodiak,1,US,1555345324,48,39.95,-94.76,290.93,7.2
299,Klitos,92,GR,1555345404,83,40.43,21.86,286.48,1.56
301,Salme,76,TD,1555345482,18,13.3,19.7,311.789,4.91
302,Kungurtug,76,RU,1555345483,56,50.6,97.53,276.239,3.81
303,Shahe,92,CN,1555345485,33,36.85,114.5,292.139,8.56
304,New Iberia,1,US,1555345213,49,30,-91.82,295.15,1.5
305,Manzhouli,0,CN,1555345487,47,49.6,117.43,277.989,2.91
306,Valle De Allende,8,MX,1555345488,22,26.94,-105.39,290.889,1.86
307,Dukat,92,RS,1555345397,71,42.44,22.31,283.71,0.41
308,Hami,0,CN,1555345491,35,42.84,93.51,287.289,3.01
309,Conceicao Do Araguaia,8,BR,1555345209,88,-8.26,-49.26,302.389,2.01
310,Talnakh,0,RU,1555340400,83,69.49,88.39,248.15,2
311,Nevsehir,75,TR,1555343400,93,38.62,34.71,282.04,1
312,La Palma,80,CO,1555345506,92,5.36,-74.39,295.239,0.96
313,San Cristobal,75,EC,1555344986,68,-0.39,-78.55,291.15,1.5
314,Lavrentiya,0,RU,1555345508,89,65.58,-170.99,259.789,3.01
315,Hohhot,0,CN,1555340400,33,40.81,111.65,281.15,2
318,Opuwo,56,NA,1555345516,32,-18.06,13.84,303.039,2.96
319,Pakxan,64,LA,1555345517,92,18.39,103.66,297.739,0.86
320,Oktyabrskoye,0,RU,1555345230,49,56.73,85.44,272.04,3
321,Dudinka,0,RU,1555340400,83,69.41,86.18,248.15,2
322,Salinopolis,88,BR,1555345521,100,-0.61,-47.36,300.489,3.16
323,Shingu,0,JP,1555345522,100,33.72,135.99,286.089,3.91
324,Hit,20,IQ,1555345434,20,33.64,42.83,301.389,3.51
325,Key Largo,75,US,1555345272,62,25.09,-80.45,304.26,6.2
326,Gazanjyk,76,TM,1555345526,59,39.24,55.52,289.489,3.26
327,Semnan,0,IR,1555344000,12,35.58,53.39,293.15,3.1
328,Soderhamn,0,SE,1555345325,39,61.3,17.06,279.82,2.24
329,Shahr-E Babak,12,IR,1555345529,31,30.12,55.12,286.439,6.36
330,Pangkalanbuun,76,ID,1555345531,91,-2.68,111.62,298.989,1.21
331,Pisco,0,PE,1555345009,30,-13.71,-76.2,297.04,4.1
332,Isangel,75,VU,1555340400,88,-19.55,169.27,297.15,1.5
333,Marsaxlokk,20,MT,1555345511,59,35.84,14.54,289.15,8.2
334,Jutai,68,BR,1555345536,87,-1.71,-47.89,301.089,1.46
335,Comodoro Rivadavia,0,AR,1555344000,36,-45.87,-67.48,289.15,11.3
336,Portland,40,US,1555345507,81,45.52,-122.67,282.59,1.41
337,Tuktoyaktuk,20,CA,1555340400,77,69.44,-133.03,255.15,6.7
338,Vila Franca Do Campo,75,PT,1555345481,82,37.72,-25.43,289.15,13.9
339,Yasothon,32,TH,1555345539,61,15.8,104.15,306.48,2.71
340,Vestmanna,75,FO,1555343460,81,62.16,-7.17,279.15,11.3
341,Leh,44,IN,1555345544,83,34.16,77.58,264.289,0.61
343,Cidreira,76,BR,1555345547,83,-30.17,-50.22,299.639,4.11
344,Nokaneng,68,BW,1555345548,24,-19.66,22.19,306.189,0.61
345,Kiruna,0,SE,1555343400,60,67.86,20.23,277.15,2.6
346,Khandyga,36,RU,1555345550,67,62.65,135.58,262.889,1.66
347,Caravelas,44,BR,1555345551,100,-17.73,-39.27,300.789,2.86
348,Bloemhof,36,ZA,1555345553,48,-27.65,25.61,297.239,6.61
349,Souillac,0,FR,1555345539,22,45.6,-0.6,292.15,6.2
350,Bulgan,12,MN,1555345555,32,48.81,103.53,282.989,3.86
351,Sehithwa,32,BW,1555345556,28,-20.47,22.7,304.989,1.91
352,San Andres,12,PH,1555345558,100,13.32,122.68,301.489,3.56
353,Sao Felix Do Xingu,20,BR,1555345337,77,-6.64,-51.99,302.289,1.31
354,Kavieng,92,PG,1555345560,100,-2.57,150.8,300.639,1.66
355,Lebedyan,75,RU,1555342200,66,53.01,39.13,283.15,7
356,Dingle,20,PH,1555345563,72,11,122.67,300.139,3.76
357,Wasilla,1,US,1555345331,74,61.58,-149.44,274.26,1.76
358,Bontang,36,ID,1555345565,89,0.12,117.47,302.089,4.71
359,Uthal,56,PK,1555345566,69,25.81,66.62,295.639,4.96
360,Elk River,90,US,1555345474,56,45.3,-93.57,282.15,4.26
362,Saryg-Sep,76,RU,1555345570,84,51.49,95.55,276.789,1.06
363,Nivala,0,FI,1555345505,50,63.93,24.96,280.93,2.24
364,Plouzane,92,FR,1555345386,66,48.38,-4.62,282.59,6.7
366,Lasa,40,CY,1555345007,68,34.92,32.53,291.15,4.1
367,Kangaatsiaq,36,GL,1555345576,100,68.31,-53.46,269.789,6.36
368,Half Moon Bay,40,US,1555345530,87,37.46,-122.43,286.48,2.1
369,Touros,40,BR,1555344000,66,-5.2,-35.46,304.15,4.6
370,Ukiah,75,US,1555345469,70,39.15,-123.21,285.37,1.5
371,Parincea,40,RO,1555344000,40,46.49,27.11,284.26,8.7
372,Ruteng,12,ID,1555345582,96,-8.61,120.46,295.839,1.36
373,Coahuayana,0,MX,1555345583,23,18.62,-100.35,298.239,1.06
374,Sunrise Manor,75,US,1555345270,34,36.21,-115.07,295.15,4.6
375,Marystown,80,CA,1555345586,82,47.17,-55.16,277.639,2.96
376,Payson,90,US,1555345566,81,40.04,-111.73,283.15,3.1
377,Saint-Pierre,0,FR,1555345325,42,48.95,4.24,290.37,7.7
379,Lourdes,20,SV,1555345540,51,13.73,-89.37,307.15,4.6
380,Baruun-Urt,0,MN,1555345592,28,46.68,113.28,278.839,4.51
381,Kununurra,0,AU,1555342200,73,-15.77,128.74,298.15,1
382,Locri,40,IT,1555345509,62,38.24,16.26,288.15,4.1
383,El Seibo,75,DO,1555344000,70,18.76,-69.04,303.15,4.1
384,Jingdezhen,92,CN,1555345597,97,29.29,117.2,288.439,1.86
385,Borba,75,PT,1555340400,52,38.81,-7.46,293.15,7.2
386,Acari,68,BR,1555345600,48,-6.44,-36.64,304.389,2.21
387,Swift Current,40,CA,1555340400,70,50.29,-107.8,277.15,5.1
388,Cruzeiro Do Oeste,0,BR,1555345603,77,-23.78,-53.07,300.939,4.46
389,Daru,8,SL,1555345604,59,7.99,-10.85,307.139,2.06
390,Biltine,88,TD,1555345605,17,14.53,20.93,309.389,2.91
391,Xinzhou,68,CN,1555345606,57,38.41,112.73,283.989,2.11
392,Black Diamond,40,CA,1555345591,47,50.69,-114.23,279.26,2.6
394,Avera,1,US,1555345561,41,33.19,-82.53,291.15,7.7
395,Mollendo,0,PE,1555345612,61,-17.03,-72.02,296.289,1.66
396,Codrington,76,AU,1555345574,93,-28.95,153.24,290.15,0.5
397,Muisne,75,EC,1555344000,83,0.61,-80.02,302.15,2.1
398,Gemena,68,CD,1555345616,92,3.25,19.78,296.339,1.16
399,Sereflikochisar,88,TR,1555345617,100,38.94,33.54,282.139,1.81
400,Storm Lake,1,US,1555345503,46,42.64,-95.21,285.37,6.7
401,Caracuaro,12,MX,1555345619,28,19.01,-101.13,294.739,1.41
402,Palmer,0,AU,1555345581,35,-34.85,139.16,295.37,3.6
403,Vestmannaeyjar,90,IS,1555344000,100,63.44,-20.27,280.15,10.3
404,Meadow Lake,90,CA,1555344000,80,54.13,-108.44,278.15,6.2
405,Luanda,75,AO,1555344000,74,-8.83,13.24,302.15,4.1
406,Viedma,0,AR,1555345626,41,-40.81,-62.99,290.839,2.11
407,Sao Joao Da Barra,75,BR,1555344000,65,-21.64,-41.05,301.15,2.1
408,Presidencia Roque Saenz Pena,0,AR,1555345629,90,-26.79,-60.44,300.639,2.11
409,Solnechnyy,36,RU,1555345630,51,50.72,136.64,277.489,2.86
410,Bushehr,0,IR,1555344000,49,28.97,50.84,298.15,2.1
411,Matara,40,PE,1555344000,58,-13.74,-72.9,285.15,1.06
412,Linhares,44,BR,1555345637,80,-19.38,-40.06,300.139,2.71
413,Puerto Del Rosario,20,ES,1555344000,73,28.5,-13.86,294.15,4.1
414,Chino,0,JP,1555345526,46,35.99,138.16,280.37,1.34
415,Sampit,24,ID,1555345640,93,-2.54,112.95,297.689,1.31
417,Fairbanks,1,US,1555345504,86,64.84,-147.72,273.15,1.5
418,Scarborough,12,GB,1555345625,76,54.28,-0.41,283.15,6.2
419,Naron,40,ES,1555345272,76,43.52,-8.15,287.15,5.7
420,Halifax,90,CA,1555345565,100,44.65,-63.58,280.37,7.7
421,Emerald,90,AU,1555345130,59,-23.53,148.16,291.15,2.6
422,San Blas,75,MX,1555343160,46,21.54,-105.29,295.15,1.5
424,La Ronge,90,CA,1555340400,93,55.1,-105.3,275.15,2.6
425,Tagusao,0,PH,1555345655,89,9.19,117.81,300.039,1.51
426,Diphu,92,IN,1555345656,97,25.84,93.44,291.889,1.21
427,Poysdorf,0,AT,1555345653,30,48.67,16.63,288.71,4.1
428,Grand Gaube,75,MU,1555345439,83,-20.01,57.66,300.15,3.6
429,Mehamn,75,NO,1555343400,91,71.03,27.85,277.15,9.3
430,Bosobolo,36,CD,1555345661,80,4.19,19.88,300.239,4.56
431,Dunedin,8,NZ,1555345450,79,-45.87,170.5,283.71,4.92
432,Rudnyy,0,KZ,1555342200,50,52.96,63.12,272.15,2
433,Araguaina,8,BR,1555345591,82,-7.19,-48.21,303.039,3.11
434,Lucea,20,JM,1555344095,70,18.44,-78.17,302.15,6.2
435,Cabedelo,20,BR,1555344000,52,-6.97,-34.84,305.15,3.6
436,Mitchell,20,US,1555345504,69,43.71,-98.03,280.37,4.6
437,La Rioja,92,AR,1555345669,87,-29.41,-66.86,293.889,4.11
438,Sur,0,OM,1555345671,88,22.57,59.53,298.939,5.86
439,Pontassieve,20,IT,1555345636,48,43.78,11.44,290.93,3.6
440,Quatre Cocos,75,MU,1555345439,83,-20.21,57.76,300.15,3.6
441,Gawler,12,AU,1555345615,39,-34.6,138.75,295.37,3.1
442,Hengelo,0,NL,1555345426,29,52.27,6.79,290.37,6.7
443,Torrevieja,20,ES,1555345650,82,37.98,-0.68,296.48,4.1
444,Arklow,75,IE,1555344994,70,52.79,-6.14,282.15,4.6
445,Dicabisagan,48,PH,1555345679,100,17.08,122.42,297.939,2.56
446,Dores Do Indaia,88,BR,1555345680,92,-19.46,-45.6,296.539,2.06
447,Fayaoue,24,NC,1555345682,100,-20.65,166.53,299.089,7.71
448,Ituporanga,0,BR,1555345521,85,-27.41,-49.6,304.82,4.47
449,De Aar,0,ZA,1555345684,16,-30.65,24.01,293.339,4.01
450,Taitung,48,TW,1555345685,100,22.76,121.15,293.289,4.76
451,Fortuna,0,ES,1555345650,52,38.18,-1.13,297.15,3.1
452,Saint Paul,90,US,1555345613,45,44.95,-93.1,282.15,3.1
453,Iskateley,56,RU,1555345689,84,67.68,53.15,267.039,4.36
454,Mareeba,40,AU,1555345400,88,-16.99,145.42,295.15,3.1
455,Carutapera,92,BR,1555345680,90,-1.2,-46.02,301.039,2.41
456,Flinders,40,AU,1555345542,100,-34.58,150.85,287.59,4.1
457,Pedras De Fogo,20,BR,1555344000,52,-7.4,-35.11,305.15,3.6
458,Coihaique,75,CL,1555344000,66,-45.58,-72.07,285.15,2.6
459,Nagua,20,DO,1555344000,74,19.37,-69.85,303.15,3.1
460,Tsabong,0,BW,1555345699,34,-26.02,22.4,300.789,3.71
461,Kitimat,75,CA,1555340400,85,54.02,-128.69,274.15,2.1
462,Broome,40,GB,1555345695,71,52.47,1.45,284.82,6.2
463,Port Lincoln,0,AU,1555345702,95,-34.72,135.86,291.189,3.36
464,Adrar,0,DZ,1555340400,9,27.87,-0.29,305.15,3.1
465,Georgiyevka,92,RU,1555345705,94,52.25,40.45,282.039,6.41
466,San Jeronimo,40,PE,1555344000,58,-13.65,-73.37,285.15,1.06
467,Nizwa,0,OM,1555345707,61,22.93,57.53,292.539,1.21
468,Esperance,40,TT,1555345006,52,10.24,-61.45,305.15,7.2
469,Naze,44,NG,1555345710,74,5.43,7.07,304.789,3.66
471,Loukhi,0,RU,1555345712,61,66.08,33.04,278.639,3.91
472,Yining,100,CN,1555345713,97,29.04,114.56,287.539,0.71
473,Srednekolymsk,0,RU,1555345715,82,67.46,153.71,271.039,2.76
474,Road Town,75,VG,1555345346,65,18.42,-64.62,301.15,4.6
475,Takoradi,0,GH,1555345501,94,4.89,-1.75,302.089,2.21
476,Koumac,0,NC,1555345718,93,-20.56,164.28,295.439,2.56
477,Wajir,44,KE,1555345720,31,1.75,40.07,308.739,3.86
478,Nioro,0,GM,1555345721,19,13.79,-15.05,313.389,3.01
479,High Prairie,80,CA,1555345722,92,55.43,-116.48,274.489,1.71
480,Badiraguato,75,MX,1555345649,56,25.36,-107.55,298.15,2.6
481,Mingshui,92,CN,1555345725,97,22.81,109.89,293.639,1.91
482,Tiznit,24,MA,1555345726,65,29.7,-9.73,296.239,2.26
483,The Pas,90,CA,1555344000,93,53.82,-101.24,275.15,5.7
484,Zilupe,92,RU,1555345729,50,56.39,28.12,280.539,6.56
485,Necochea,0,AR,1555345730,86,-38.55,-58.74,290.389,2.56
486,Kekri,80,IN,1555345731,71,25.97,75.15,295.489,3.56
487,Baijiantan,0,CN,1555345721,27,45.63,85.18,287.889,1.11
488,Mitsamiouli,20,KM,1555345734,92,-11.38,43.28,302.539,1.11
490,Sinnamary,92,GF,1555345736,100,5.38,-52.96,299.339,4.31
491,Pakaur,24,IN,1555345737,58,24.64,87.92,302.339,4.16
492,Portobelo,40,PA,1555344905,46,9.55,-79.65,307.15,3.6
493,Iqaluit,75,CA,1555344722,65,63.75,-68.52,260.15,5.7
494,Sept-Iles,90,CA,1555344915,82,50.2,-66.38,273.71,5.1
495,Eureka,90,US,1555345672,87,40.8,-124.16,282.59,1.5
496,Chara,40,GR,1555345403,71,39.42,22.43,286.48,6.2
497,Bathsheba,75,BB,1555344000,74,13.22,-59.52,300.15,7.2
498,Bubaque,0,GW,1555345746,85,11.28,-15.83,302.789,5.46
499,South River,75,CA,1555345712,42,47.54,-53.27,281.15,4.1
500,Maniitsoq,76,GL,1555345749,95,65.42,-52.9,273.739,5.16
501,Montepuez,48,MZ,1555345750,68,-13.13,39,301.739,3.91
502,Prince Rupert,1,CA,1555340400,86,54.32,-130.32,277.15,2.1
503,Tessalit,0,ML,1555345753,13,20.2,1.01,307.139,1.81
504,Florianopolis,20,BR,1555345689,65,-27.6,-48.55,304.82,4.6
505,Sokolo,0,ML,1555345755,17,14.74,-6.12,312.089,3.56
506,Kasane,0,BW,1555344000,54,-17.8,25.16,301.15,0.5
509,Axim,0,GH,1555345760,98,4.87,-2.24,301.139,3.11
510,Moyamba,8,SL,1555345761,89,8.16,-12.43,302.389,2.51
511,Zvolen,0,SK,1555345748,26,48.58,19.13,289.15,1.5
512,Kloulklubed,75,PW,1555343400,83,7.04,134.26,299.15,2.1
513,Muros,40,ES,1555345471,67,42.77,-9.06,289.26,5.7
514,Sambava,36,MG,1555345766,100,-14.27,50.17,301.789,5.66
516,Sonari,88,IN,1555345769,99,27.03,95.02,292.489,1.16
517,Longyearbyen,90,NO,1555343400,92,78.22,15.63,270.15,5.1
518,Ponta Delgada,75,PT,1555345743,82,37.73,-25.67,289.15,13.9
519,Upernavik,56,GL,1555345772,84,72.79,-56.15,274.139,1.96
520,Taga,20,JP,1555345731,53,35.21,136.34,285.37,9.3
521,Guerrero Negro,24,MX,1555345776,97,27.97,-114.04,288.539,2.51
522,Kuryk,8,KZ,1555345777,61,43.18,51.68,289.689,3.96
523,Saint George,40,GR,1555345403,71,39.45,22.34,286.48,6.2
525,Dandong,0,CN,1555345781,69,40.12,124.37,279.039,2.31
526,Sungairaya,92,ID,1555345757,83,0.7,108.9,300.689,1.21
528,Mongo,32,CF,1555345784,68,4.83,22.92,301.539,1.66
529,Luena,32,AO,1555345786,73,-11.78,19.91,297.989,1.41
530,Chateau-Gontier,0,FR,1555345327,47,47.83,-0.7,290.15,5.1
531,Kieta,56,PG,1555345788,98,-6.22,155.63,299.339,1.86
532,Argoncilhe,40,PT,1555345706,72,41.02,-8.55,289.26,4.6
533,Muravlenko,80,RU,1555345790,89,63.79,74.5,269.789,7.11
534,Salisbury,0,GB,1555345778,34,51.07,-1.8,287.59,7.7
535,Biak,68,ID,1555345793,100,-0.91,122.88,298.539,1.51
536,Kanye,32,BW,1555345794,72,-24.98,25.34,292.989,2.61
537,Shache,0,CN,1555345795,35,38.42,77.24,292.139,4.21
538,Marienburg,0,DE,1555345721,70,52.12,9.98,288.15,4.6
540,Dinar,75,TR,1555343400,93,38.07,30.16,286.15,7.2
541,Yatou,8,CM,1555345800,93,3.63,9.81,302.489,6.46
542,Port Macquarie,76,AU,1555345505,82,-31.43,152.91,289.15,3.1
543,Norilsk,0,RU,1555344000,83,69.35,88.2,248.15,1
544,Jalu,0,LY,1555345806,25,29.03,21.55,291.792,2.32
545,Omboue,44,GA,1555345808,100,-1.57,9.26,300.642,1.92
546,Kantang,20,TH,1555340400,88,7.42,99.52,301.15,0.77
547,Klaksvik,75,FO,1555343460,81,62.23,-6.59,279.15,11.3
548,Gao,0,ML,1555345812,13,16.28,-0.04,308.242,2.77
549,Pierre,1,US,1555345454,97,44.37,-100.35,278.15,5.1
550,Healesville,68,AU,1555345806,48,-37.65,145.52,294.26,2.6
551,Ust-Nera,64,RU,1555345816,69,64.57,143.24,262.192,1.37
552,Kabale,20,UG,1555345817,100,-1.26,29.99,287.392,1.22
553,Colac,88,AU,1555345631,52,-38.34,143.59,293.15,0.45
554,La Paz,40,MX,1555345804,60,24.15,-110.32,295.37,4.1
555,Kilindoni,0,TZ,1555345821,95,-7.91,39.67,302.742,3.87
556,Suntar,32,RU,1555345822,70,62.16,117.65,258.942,1.72
558,Ganzhou,92,CN,1555345825,97,25.86,114.93,290.042,1.27
559,Khatanga,64,RU,1555345826,66,71.98,102.47,252.942,1.37
560,Yamada,20,JP,1555345804,75,36.58,137.08,280.93,1.5
562,Taoudenni,0,ML,1555345830,9,22.68,-3.98,303.192,2.97
563,Sao Miguel Do Araguaia,8,BR,1555345686,94,-13.28,-50.16,303.939,2.81
564,Padang,75,ID,1555344000,94,-0.92,100.36,298.15,1
565,Bara,0,NG,1555345834,41,10.41,10.6,305.642,1.22
566,Hede,0,SE,1555345815,34,60.45,15.49,283.71,4.1
567,Ciudad Bolivar,0,VE,1555345837,33,8.12,-63.55,309.942,5.67
568,Trinidad,92,UY,1555345838,43,-33.52,-56.9,294.342,7.32
569,Korsakovo,44,RU,1555345839,70,53.27,37.36,281.392,7.62
570,Anadyr,36,RU,1555344747,84,64.73,177.51,257.15,2
571,La Brea,40,TT,1555345006,52,10.24,-61.62,305.15,7.2
572,Diebougou,48,BF,1555345843,17,10.97,-3.25,311.742,2.57
574,Evensk,80,RU,1555345845,100,61.92,159.24,267.692,0.52
575,Curup,80,ID,1555345847,95,-3.47,102.53,295.392,0.62
576,Nizhniy Kuranakh,36,RU,1555345848,73,58.84,125.49,264.042,2.07
578,Conkal,75,MX,1555345831,61,21.08,-89.52,301.15,2.1
579,Sale,24,GB,1555345846,44,53.42,-2.32,287.59,5.1
580,Sorland,75,NO,1555343400,70,67.67,12.69,279.15,3.6
581,Shellbrook,90,CA,1555344000,86,53.22,-106.39,277.15,6.7
582,Oneonta,92,US,1555345854,94,42.45,-75.06,279.82,4.72
583,Srandakan,32,ID,1555345857,96,-7.94,110.25,296.792,1.22
584,Zhanaozen,0,KZ,1555345858,55,43.35,52.85,288.442,2.22
586,Coolum Beach,80,AU,1555345806,93,-26.53,153.09,289.26,0.45
587,Sechura,0,PE,1555345862,68,-5.56,-80.82,300.442,4.47
588,Khandbari,8,NP,1555345863,70,27.38,87.21,277.192,0.62
589,Cassilandia,36,BR,1555345864,94,-19.11,-51.73,300.042,1.97
590,Laguna,75,MX,1555342800,36,27.52,-110.01,297.15,2.6
591,Kimbe,92,PG,1555345867,100,-5.56,150.15,296.692,1.97
592,Destin,1,US,1555345833,42,30.39,-86.5,292.04,4.6
593,Eufaula,1,US,1555345835,44,31.89,-85.15,290.37,6.2
594,Madimba,44,CM,1555345871,63,4.42,9.93,302.592,3.72
595,Belmonte,0,PT,1555345820,74,40.36,-7.35,287.04,4.92
596,Sabha,0,LY,1555345874,26,27.03,14.43,292.642,2.42
598,Saint-Georges,100,CA,1555345824,95,46.12,-70.67,279.26,0.89
599,Ostersund,0,SE,1555343400,16,63.18,14.64,282.15,2.1
600,Chamrajnagar,20,IN,1555342200,25,11.92,76.95,304.15,6.2
601,Saint Pete Beach,90,US,1555345879,60,27.73,-82.74,297.59,3.1
602,Aykhal,0,RU,1555344000,45,65.95,111.51,257.15,2
603,Tacuarembo,68,UY,1555345796,67,-31.73,-55.98,297.739,5.06
604,Villa Maria,40,CO,1555344000,59,4.5,-74.09,300.15,1
605,Celestun,0,MX,1555345885,99,20.87,-90.4,298.792,8.42
606,Pauini,48,BR,1555345886,72,-7.71,-67,304.042,1.62
607,Bedele,12,ET,1555345741,63,8.46,36.35,296.989,1.16
609,Klyuchi,92,RU,1555345890,89,52.25,79.17,272.492,6.62
610,Kapuskasing,20,CA,1555340400,43,49.42,-82.43,273.15,6.7
611,Sobolevo,24,RU,1555345892,71,54.43,31.9,278.692,5.87
612,Kostino,75,BG,1555344000,47,41.7,25.3,287.15,3.6
613,Steamboat Springs,90,US,1555345664,37,40.48,-106.83,283.15,4.6
614,Quelimane,20,MZ,1555344000,83,-17.88,36.89,301.15,4.1
615,Bakel,0,SN,1555345897,13,14.9,-12.46,312.792,2.22
616,Ihosy,32,MG,1555345899,93,-22.4,46.13,290.292,0.42
617,Nenjiang,12,CN,1555345900,41,49.17,125.23,282.392,5.92
618,Port Hedland,40,AU,1555344000,88,-20.31,118.58,301.15,5.1
